Question,Answer
What are the college timings?,The college runs from 9 AM to 4 PM.
Where is the college located?,"The college is located in Bhimavaram, which belongs to West Godavari district, Andhra Pradesh state, India."
What courses does the college offer?,"The college offers B.Tech, M.Tech, MBA, and other courses."
Is the college affiliated with any university?,"Yes, the college is affiliated with JNTU Kakinada."
What is the official website of the college?,The official website is https://www.svecw.edu.in/
How can I contact the college administration?,You can contact the administration via email at info@svecw.edu.in or call +91-1234567890.
What is the admission process for undergraduate courses?,Admission is based on entrance exams like EAMCET and merit.
What is the admission process for postgraduate courses?,Postgraduate admissions require GATE/PGCET scores and academic performance.
Does the college provide management quota seats?,"Yes, management quota seats are available."
What documents are required for admission?,"Required documents include 10th & 12th marksheets, entrance exam scorecard, ID proof, etc."
What is the tuition fee for B.Tech courses?,"The tuition fee for B.Tech varies between ₹80,000 - ₹1,20,000 per year."
What is the hostel fee per year?,"The hostel fee starts around ₹50,000 per year, including mess charges."
Are there any scholarships available for students?,"Yes, merit-based and need-based scholarships are available."
How can I apply for a scholarship?,You can apply through the scholarship portal on the college website.
Does the college offer any financial aid or fee waivers?,"Yes, the college provides financial aid for eligible students."
Can I pay my fees in installments?,"Yes, fees can be paid in installments as per college policy."
What is the fee refund policy in case of withdrawal?,Fee refunds are subject to cancellation policies outlined by the college.
Are there any additional charges apart from tuition and hostel fees?,"Additional charges may include exam fees, library fees, and lab fees."
Is there a fee concession for meritorious students?,"Yes, students with high academic performance may get fee concessions."
How can I get details about the fee structure?,You can check the fee structure on the college website or contact administration.
Does the college provide hostel facilities?,"Yes, separate hostels for boys and girls are available."
What are the types of hostel rooms available?,Triple and four-sharing rooms are available.
What is the mess fee structure?,The mess fee is included in the hostel fee and provides vegetarian and non-vegetarian meals.
What are the hostel rules and regulations?,"Hostel rules include maintaining discipline, attendance, and curfew timings."
Is there a curfew for hostel students?,"Yes, hostel students must return by 9 PM daily."
What facilities are available in the hostel rooms?,"Hostel rooms include beds, study tables, fans, and Wi-Fi."
Are hostel rooms allocated based on merit?,"No, hostel room allocation is based on availability."
Can students choose their roommates?,"Yes, roommates are of their choice."
Are there separate hostels for boys and girls?,"Yes, there are separate hostels for boys and girls."
What security measures are taken in hostels?,Hostels have 24/7 security and CCTV surveillance.
What is the placement record of the college?,The placement record is around 85-90% every year.
Which companies visit the campus for placements?,"Top recruiters include TCS, Infosys, Wipro, Visa, IBM."
What is the highest package offered in placements?,The highest package offered was ₹41 LPA.
What is the average placement package?,The average package is around ₹4-5 LPA.
Does the college provide internship opportunities?,"Yes, students get internship opportunities in their 3rd and 4th year."
Is there any training for placement preparation?,"Yes, placement training includes aptitude, coding, and soft skills."
How can students apply for campus placements?,Students can register through the college placement cell.
What is the eligibility criteria for placements?,Minimum eligibility is 60% aggregate and no active backlogs.
Are there any placement training programs?,"Yes, placement training is provided from the 2nd year onwards."
What sports facilities are available on campus?,"The college provides cricket, football, basketball, badminton, and athletics facilities."
Does the college have a gym?,"Yes, the college has a well-equipped gym for students."
Is there a library? What are the library timings?,"Yes, the library is open from 8 AM to 12 PM on working hours. There is also a digital library from 8:00 AM to 12:00 Midnight. On holidays and Sundays, the library is available from 8:00 AM to 10:00 PM."
What are the transportation facilities provided by the college?,The college provides bus transportation across multiple cities.
Does the college have medical facilities?,"Yes, there is a medical center on campus for students."
Are there any student clubs or cultural societies?,"Yes, various clubs and cultural societies are available for students."
